{
    "loss": 7.331798553466797,
    "accuracy": 0.5035971403121948
}