{
    "loss": 10.820273399353027,
    "accuracy": 0.5179855823516846
}