{
    "loss": 1.2385519742965698,
    "accuracy": 0.6978417038917542
}